date,sector_name,rolling_period,percentage_change
2024-11-08,basicMaterialsChangesPercentage,5-Day Rolling Change %,-1.5694507362578602
2024-11-07,basicMaterialsChangesPercentage,5-Day Rolling Change %,-0.33766665221940384
2024-11-06,basicMaterialsChangesPercentage,5-Day Rolling Change %,-0.0141998516101971
2024-11-05,basicMaterialsChangesPercentage,5-Day Rolling Change %,-0.05951706587574712
2024-11-04,basicMaterialsChangesPercentage,5-Day Rolling Change %,0.46720317923758525
2024-11-01,basicMaterialsChangesPercentage,5-Day Rolling Change %,0.4774903318909285
2024-10-31,basicMaterialsChangesPercentage,5-Day Rolling Change %,-0.10260269527222476
2024-10-30,basicMaterialsChangesPercentage,5-Day Rolling Change %,-1.0112869085847298
2024-10-29,basicMaterialsChangesPercentage,5-Day Rolling Change %,-1.3805116631531167
2024-10-28,basicMaterialsChangesPercentage,5-Day Rolling Change %,-1.3567873966235267
2024-10-25,basicMaterialsChangesPercentage,5-Day Rolling Change %,-1.877579081809544
2024-10-24,basicMaterialsChangesPercentage,5-Day Rolling Change %,-0.9118245145467441
2024-10-23,basicMaterialsChangesPercentage,5-Day Rolling Change %,-0.37592987116992216
2024-10-22,basicMaterialsChangesPercentage,5-Day Rolling Change %,1.1234356008571034
2024-10-21,basicMaterialsChangesPercentage,5-Day Rolling Change %,2.3620261375637996
2024-10-18,basicMaterialsChangesPercentage,5-Day Rolling Change %,3.4739198029320573
2024-10-17,basicMaterialsChangesPercentage,5-Day Rolling Change %,3.3181188850982535
2024-10-16,basicMaterialsChangesPercentage,5-Day Rolling Change %,3.059835649938303
2024-10-15,basicMaterialsChangesPercentage,5-Day Rolling Change %,2.4709775860422667
2024-10-14,basicMaterialsChangesPercentage,5-Day Rolling Change %,2.0413187226419938
2024-10-11,basicMaterialsChangesPercentage,5-Day Rolling Change %,1.1595395202773418
2024-10-10,basicMaterialsChangesPercentage,5-Day Rolling Change %,0.2474765089813591
2024-10-09,basicMaterialsChangesPercentage,5-Day Rolling Change %,0.0
2024-10-08,basicMaterialsChangesPercentage,5-Day Rolling Change %,0.0
2024-10-07,basicMaterialsChangesPercentage,5-Day Rolling Change %,0.0
2024-10-04,basicMaterialsChangesPercentage,5-Day Rolling Change %,0.0
2024-10-03,basicMaterialsChangesPercentage,5-Day Rolling Change %,0.0
2024-11-08,basicMaterialsChangesPercentage,20-Day Rolling Change %,0.4148268373340036
2024-11-07,basicMaterialsChangesPercentage,20-Day Rolling Change %,1.9256633174602467
2024-11-06,basicMaterialsChangesPercentage,20-Day Rolling Change %,1.6196584828458649
2024-11-05,basicMaterialsChangesPercentage,20-Day Rolling Change %,2.1308353687913506
2024-11-04,basicMaterialsChangesPercentage,20-Day Rolling Change %,3.5157556012023417
2024-11-01,basicMaterialsChangesPercentage,20-Day Rolling Change %,3.198831255682766
2024-10-31,basicMaterialsChangesPercentage,20-Day Rolling Change %,2.5240950703366183
2024-10-30,basicMaterialsChangesPercentage,20-Day Rolling Change %,0.0
2024-10-29,basicMaterialsChangesPercentage,20-Day Rolling Change %,0.0
2024-10-28,basicMaterialsChangesPercentage,20-Day Rolling Change %,0.0
2024-10-25,basicMaterialsChangesPercentage,20-Day Rolling Change %,0.0
2024-10-24,basicMaterialsChangesPercentage,20-Day Rolling Change %,0.0
2024-10-23,basicMaterialsChangesPercentage,20-Day Rolling Change %,0.0
2024-10-22,basicMaterialsChangesPercentage,20-Day Rolling Change %,0.0
2024-10-21,basicMaterialsChangesPercentage,20-Day Rolling Change %,0.0
2024-10-18,basicMaterialsChangesPercentage,20-Day Rolling Change %,0.0
2024-10-17,basicMaterialsChangesPercentage,20-Day Rolling Change %,0.0
2024-10-16,basicMaterialsChangesPercentage,20-Day Rolling Change %,0.0
2024-10-15,basicMaterialsChangesPercentage,20-Day Rolling Change %,0.0
2024-10-14,basicMaterialsChangesPercentage,20-Day Rolling Change %,0.0
2024-10-11,basicMaterialsChangesPercentage,20-Day Rolling Change %,0.0
2024-10-10,basicMaterialsChangesPercentage,20-Day Rolling Change %,0.0
2024-10-09,basicMaterialsChangesPercentage,20-Day Rolling Change %,0.0
2024-10-08,basicMaterialsChangesPercentage,20-Day Rolling Change %,0.0
2024-10-07,basicMaterialsChangesPercentage,20-Day Rolling Change %,0.0
2024-10-04,basicMaterialsChangesPercentage,20-Day Rolling Change %,0.0
2024-10-03,basicMaterialsChangesPercentage,20-Day Rolling Change %,0.0
2024-11-08,communicationServicesChangesPercentage,5-Day Rolling Change %,3.447202742218991
2024-11-07,communicationServicesChangesPercentage,5-Day Rolling Change %,4.199824888876869
2024-11-06,communicationServicesChangesPercentage,5-Day Rolling Change %,0.15100070894304984
2024-11-05,communicationServicesChangesPercentage,5-Day Rolling Change %,-3.1409189192104003
2024-11-04,communicationServicesChangesPercentage,5-Day Rolling Change %,-2.218087670353419
2024-11-01,communicationServicesChangesPercentage,5-Day Rolling Change %,-2.689112917019121
2024-10-31,communicationServicesChangesPercentage,5-Day Rolling Change %,-2.893634246070975
2024-10-30,communicationServicesChangesPercentage,5-Day Rolling Change %,-0.7262849102895763
2024-10-29,communicationServicesChangesPercentage,5-Day Rolling Change %,-1.0251327689660417
2024-10-28,communicationServicesChangesPercentage,5-Day Rolling Change %,-1.6170881124275671
2024-10-25,communicationServicesChangesPercentage,5-Day Rolling Change %,-0.6088304476686623
2024-10-24,communicationServicesChangesPercentage,5-Day Rolling Change %,-0.4252026641139439
2024-10-23,communicationServicesChangesPercentage,5-Day Rolling Change %,-2.0214719511631674
2024-10-22,communicationServicesChangesPercentage,5-Day Rolling Change %,-0.2720888976044278
2024-10-21,communicationServicesChangesPercentage,5-Day Rolling Change %,-1.847356756034646
2024-10-18,communicationServicesChangesPercentage,5-Day Rolling Change %,-2.371633494765113
2024-10-17,communicationServicesChangesPercentage,5-Day Rolling Change %,-2.125253964291973
2024-10-16,communicationServicesChangesPercentage,5-Day Rolling Change %,-0.8649776393057751
2024-10-15,communicationServicesChangesPercentage,5-Day Rolling Change %,-0.8682100603765619
2024-10-14,communicationServicesChangesPercentage,5-Day Rolling Change %,0.45332642097148934
2024-10-11,communicationServicesChangesPercentage,5-Day Rolling Change %,-1.364241064119076
2024-10-10,communicationServicesChangesPercentage,5-Day Rolling Change %,-0.5977965312168987
2024-10-09,communicationServicesChangesPercentage,5-Day Rolling Change %,0.0
2024-10-08,communicationServicesChangesPercentage,5-Day Rolling Change %,0.0
2024-10-07,communicationServicesChangesPercentage,5-Day Rolling Change %,0.0
2024-10-04,communicationServicesChangesPercentage,5-Day Rolling Change %,0.0
2024-10-03,communicationServicesChangesPercentage,5-Day Rolling Change %,0.0
2024-11-08,communicationServicesChangesPercentage,20-Day Rolling Change %,-2.3203697157910153
2024-11-07,communicationServicesChangesPercentage,20-Day Rolling Change %,-1.386864184521508
2024-11-06,communicationServicesChangesPercentage,20-Day Rolling Change %,-3.428809044599679
2024-11-05,communicationServicesChangesPercentage,20-Day Rolling Change %,-5.224749124217709
2024-11-04,communicationServicesChangesPercentage,20-Day Rolling Change %,-5.148430569944984
2024-11-01,communicationServicesChangesPercentage,20-Day Rolling Change %,-6.863557348495775
2024-10-31,communicationServicesChangesPercentage,20-Day Rolling Change %,-5.927260420268543
2024-10-30,communicationServicesChangesPercentage,20-Day Rolling Change %,0.0
2024-10-29,communicationServicesChangesPercentage,20-Day Rolling Change %,0.0
2024-10-28,communicationServicesChangesPercentage,20-Day Rolling Change %,0.0
2024-10-25,communicationServicesChangesPercentage,20-Day Rolling Change %,0.0
2024-10-24,communicationServicesChangesPercentage,20-Day Rolling Change %,0.0
2024-10-23,communicationServicesChangesPercentage,20-Day Rolling Change %,0.0
2024-10-22,communicationServicesChangesPercentage,20-Day Rolling Change %,0.0
2024-10-21,communicationServicesChangesPercentage,20-Day Rolling Change %,0.0
2024-10-18,communicationServicesChangesPercentage,20-Day Rolling Change %,0.0
2024-10-17,communicationServicesChangesPercentage,20-Day Rolling Change %,0.0
2024-10-16,communicationServicesChangesPercentage,20-Day Rolling Change %,0.0
2024-10-15,communicationServicesChangesPercentage,20-Day Rolling Change %,0.0
2024-10-14,communicationServicesChangesPercentage,20-Day Rolling Change %,0.0
2024-10-11,communicationServicesChangesPercentage,20-Day Rolling Change %,0.0
2024-10-10,communicationServicesChangesPercentage,20-Day Rolling Change %,0.0
2024-10-09,communicationServicesChangesPercentage,20-Day Rolling Change %,0.0
2024-10-08,communicationServicesChangesPercentage,20-Day Rolling Change %,0.0
2024-10-07,communicationServicesChangesPercentage,20-Day Rolling Change %,0.0
2024-10-04,communicationServicesChangesPercentage,20-Day Rolling Change %,0.0
2024-10-03,communicationServicesChangesPercentage,20-Day Rolling Change %,0.0
2024-11-08,consumerCyclicalChangesPercentage,5-Day Rolling Change %,3.573470020416769
2024-11-07,consumerCyclicalChangesPercentage,5-Day Rolling Change %,2.9435910156611955
2024-11-06,consumerCyclicalChangesPercentage,5-Day Rolling Change %,2.3638738836815776
2024-11-05,consumerCyclicalChangesPercentage,5-Day Rolling Change %,1.842042701792157
2024-11-04,consumerCyclicalChangesPercentage,5-Day Rolling Change %,0.33259718559530693
2024-11-01,consumerCyclicalChangesPercentage,5-Day Rolling Change %,-0.41045281463474304
2024-10-31,consumerCyclicalChangesPercentage,5-Day Rolling Change %,-0.7678239059945136
2024-10-30,consumerCyclicalChangesPercentage,5-Day Rolling Change %,2.0360898821939255
2024-10-29,consumerCyclicalChangesPercentage,5-Day Rolling Change %,0.3309251637929167
2024-10-28,consumerCyclicalChangesPercentage,5-Day Rolling Change %,0.3147763498639211
2024-10-25,consumerCyclicalChangesPercentage,5-Day Rolling Change %,1.8776879331307006
2024-10-24,consumerCyclicalChangesPercentage,5-Day Rolling Change %,1.658068714117955
2024-10-23,consumerCyclicalChangesPercentage,5-Day Rolling Change %,0.11035323380585993
2024-10-22,consumerCyclicalChangesPercentage,5-Day Rolling Change %,1.8949726058678396
2024-10-21,consumerCyclicalChangesPercentage,5-Day Rolling Change %,1.2006483118861322
2024-10-18,consumerCyclicalChangesPercentage,5-Day Rolling Change %,0.07353681779280752
2024-10-17,consumerCyclicalChangesPercentage,5-Day Rolling Change %,0.42323101536445584
2024-10-16,consumerCyclicalChangesPercentage,5-Day Rolling Change %,0.1667016137056221
2024-10-15,consumerCyclicalChangesPercentage,5-Day Rolling Change %,0.7517938678110792
2024-10-14,consumerCyclicalChangesPercentage,5-Day Rolling Change %,2.000583563814895
2024-10-11,consumerCyclicalChangesPercentage,5-Day Rolling Change %,1.6360024181699018
2024-10-10,consumerCyclicalChangesPercentage,5-Day Rolling Change %,1.655244642496334
2024-10-09,consumerCyclicalChangesPercentage,5-Day Rolling Change %,0.0
2024-10-08,consumerCyclicalChangesPercentage,5-Day Rolling Change %,0.0
2024-10-07,consumerCyclicalChangesPercentage,5-Day Rolling Change %,0.0
2024-10-04,consumerCyclicalChangesPercentage,5-Day Rolling Change %,0.0
2024-10-03,consumerCyclicalChangesPercentage,5-Day Rolling Change %,0.0
2024-11-08,consumerCyclicalChangesPercentage,20-Day Rolling Change %,5.162430193035927
2024-11-07,consumerCyclicalChangesPercentage,20-Day Rolling Change %,4.286447630263113
2024-11-06,consumerCyclicalChangesPercentage,20-Day Rolling Change %,4.73766501477817
2024-11-05,consumerCyclicalChangesPercentage,20-Day Rolling Change %,4.898061571705692
2024-11-04,consumerCyclicalChangesPercentage,20-Day Rolling Change %,3.894585514510651
2024-11-01,consumerCyclicalChangesPercentage,20-Day Rolling Change %,3.1952391601161034
2024-10-31,consumerCyclicalChangesPercentage,20-Day Rolling Change %,2.9812953109287665
2024-10-30,consumerCyclicalChangesPercentage,20-Day Rolling Change %,0.0
2024-10-29,consumerCyclicalChangesPercentage,20-Day Rolling Change %,0.0
2024-10-28,consumerCyclicalChangesPercentage,20-Day Rolling Change %,0.0
2024-10-25,consumerCyclicalChangesPercentage,20-Day Rolling Change %,0.0
2024-10-24,consumerCyclicalChangesPercentage,20-Day Rolling Change %,0.0
2024-10-23,consumerCyclicalChangesPercentage,20-Day Rolling Change %,0.0
2024-10-22,consumerCyclicalChangesPercentage,20-Day Rolling Change %,0.0
2024-10-21,consumerCyclicalChangesPercentage,20-Day Rolling Change %,0.0
2024-10-18,consumerCyclicalChangesPercentage,20-Day Rolling Change %,0.0
2024-10-17,consumerCyclicalChangesPercentage,20-Day Rolling Change %,0.0
2024-10-16,consumerCyclicalChangesPercentage,20-Day Rolling Change %,0.0
2024-10-15,consumerCyclicalChangesPercentage,20-Day Rolling Change %,0.0
2024-10-14,consumerCyclicalChangesPercentage,20-Day Rolling Change %,0.0
2024-10-11,consumerCyclicalChangesPercentage,20-Day Rolling Change %,0.0
2024-10-10,consumerCyclicalChangesPercentage,20-Day Rolling Change %,0.0
2024-10-09,consumerCyclicalChangesPercentage,20-Day Rolling Change %,0.0
2024-10-08,consumerCyclicalChangesPercentage,20-Day Rolling Change %,0.0
2024-10-07,consumerCyclicalChangesPercentage,20-Day Rolling Change %,0.0
2024-10-04,consumerCyclicalChangesPercentage,20-Day Rolling Change %,0.0
2024-10-03,consumerCyclicalChangesPercentage,20-Day Rolling Change %,0.0
2024-11-08,consumerDefensiveChangesPercentage,5-Day Rolling Change %,5.289010839631003
2024-11-07,consumerDefensiveChangesPercentage,5-Day Rolling Change %,2.570096127397492
2024-11-06,consumerDefensiveChangesPercentage,5-Day Rolling Change %,0.724813888206377
2024-11-05,consumerDefensiveChangesPercentage,5-Day Rolling Change %,0.1442339290419259
2024-11-04,consumerDefensiveChangesPercentage,5-Day Rolling Change %,-0.7318220018346255
2024-11-01,consumerDefensiveChangesPercentage,5-Day Rolling Change %,-1.9583853140448082
2024-10-31,consumerDefensiveChangesPercentage,5-Day Rolling Change %,-2.734279906026127
2024-10-30,consumerDefensiveChangesPercentage,5-Day Rolling Change %,-3.0776954629902487
2024-10-29,consumerDefensiveChangesPercentage,5-Day Rolling Change %,-2.097960589399639
2024-10-28,consumerDefensiveChangesPercentage,5-Day Rolling Change %,-1.453040276303641
2024-10-25,consumerDefensiveChangesPercentage,5-Day Rolling Change %,-1.0448995922453408
2024-10-24,consumerDefensiveChangesPercentage,5-Day Rolling Change %,-0.024405977822450353
2024-10-23,consumerDefensiveChangesPercentage,5-Day Rolling Change %,0.17056884249695425
2024-10-22,consumerDefensiveChangesPercentage,5-Day Rolling Change %,-0.3668117828540929
2024-10-21,consumerDefensiveChangesPercentage,5-Day Rolling Change %,-0.34751081269472905
2024-10-18,consumerDefensiveChangesPercentage,5-Day Rolling Change %,-0.22601922368155059
2024-10-17,consumerDefensiveChangesPercentage,5-Day Rolling Change %,-1.1186520986724235
2024-10-16,consumerDefensiveChangesPercentage,5-Day Rolling Change %,-1.950191952901692
2024-10-15,consumerDefensiveChangesPercentage,5-Day Rolling Change %,-0.021593355010085524
2024-10-14,consumerDefensiveChangesPercentage,5-Day Rolling Change %,1.210240271142804
2024-10-11,consumerDefensiveChangesPercentage,5-Day Rolling Change %,0.4485697329557947
2024-10-10,consumerDefensiveChangesPercentage,5-Day Rolling Change %,1.5008677957476957
2024-10-09,consumerDefensiveChangesPercentage,5-Day Rolling Change %,0.0
2024-10-08,consumerDefensiveChangesPercentage,5-Day Rolling Change %,0.0
2024-10-07,consumerDefensiveChangesPercentage,5-Day Rolling Change %,0.0
2024-10-04,consumerDefensiveChangesPercentage,5-Day Rolling Change %,0.0
2024-10-03,consumerDefensiveChangesPercentage,5-Day Rolling Change %,0.0
2024-11-08,consumerDefensiveChangesPercentage,20-Day Rolling Change %,1.9175522455725513
2024-11-07,consumerDefensiveChangesPercentage,20-Day Rolling Change %,-1.3745631149746917
2024-11-06,consumerDefensiveChangesPercentage,20-Day Rolling Change %,-4.115790245586481
2024-11-05,consumerDefensiveChangesPercentage,20-Day Rolling Change %,-2.3374799843682847
2024-11-04,consumerDefensiveChangesPercentage,20-Day Rolling Change %,-1.3343711358881793
2024-11-01,consumerDefensiveChangesPercentage,20-Day Rolling Change %,-2.7678931342172364
2024-10-31,consumerDefensiveChangesPercentage,20-Day Rolling Change %,-2.402670870746215
2024-10-30,consumerDefensiveChangesPercentage,20-Day Rolling Change %,0.0
2024-10-29,consumerDefensiveChangesPercentage,20-Day Rolling Change %,0.0
2024-10-28,consumerDefensiveChangesPercentage,20-Day Rolling Change %,0.0
2024-10-25,consumerDefensiveChangesPercentage,20-Day Rolling Change %,0.0
2024-10-24,consumerDefensiveChangesPercentage,20-Day Rolling Change %,0.0
2024-10-23,consumerDefensiveChangesPercentage,20-Day Rolling Change %,0.0
2024-10-22,consumerDefensiveChangesPercentage,20-Day Rolling Change %,0.0
2024-10-21,consumerDefensiveChangesPercentage,20-Day Rolling Change %,0.0
2024-10-18,consumerDefensiveChangesPercentage,20-Day Rolling Change %,0.0
2024-10-17,consumerDefensiveChangesPercentage,20-Day Rolling Change %,0.0
2024-10-16,consumerDefensiveChangesPercentage,20-Day Rolling Change %,0.0
2024-10-15,consumerDefensiveChangesPercentage,20-Day Rolling Change %,0.0
2024-10-14,consumerDefensiveChangesPercentage,20-Day Rolling Change %,0.0
2024-10-11,consumerDefensiveChangesPercentage,20-Day Rolling Change %,0.0
2024-10-10,consumerDefensiveChangesPercentage,20-Day Rolling Change %,0.0
2024-10-09,consumerDefensiveChangesPercentage,20-Day Rolling Change %,0.0
2024-10-08,consumerDefensiveChangesPercentage,20-Day Rolling Change %,0.0
2024-10-07,consumerDefensiveChangesPercentage,20-Day Rolling Change %,0.0
2024-10-04,consumerDefensiveChangesPercentage,20-Day Rolling Change %,0.0
2024-10-03,consumerDefensiveChangesPercentage,20-Day Rolling Change %,0.0
2024-11-08,energyChangesPercentage,5-Day Rolling Change %,5.176688745482605
2024-11-07,energyChangesPercentage,5-Day Rolling Change %,5.18585844078745
2024-11-06,energyChangesPercentage,5-Day Rolling Change %,4.14317326098248
2024-11-05,energyChangesPercentage,5-Day Rolling Change %,3.0418069947867554
2024-11-04,energyChangesPercentage,5-Day Rolling Change %,-0.028805632841166773
2024-11-01,energyChangesPercentage,5-Day Rolling Change %,-0.47764809704902156
2024-10-31,energyChangesPercentage,5-Day Rolling Change %,0.006059745289066498
2024-10-30,energyChangesPercentage,5-Day Rolling Change %,0.9691749119169923
2024-10-29,energyChangesPercentage,5-Day Rolling Change %,-1.304946688600006
2024-10-28,energyChangesPercentage,5-Day Rolling Change %,-0.09680086411681943
2024-10-25,energyChangesPercentage,5-Day Rolling Change %,-2.1522941631269443
2024-10-24,energyChangesPercentage,5-Day Rolling Change %,-3.399815992704114
2024-10-23,energyChangesPercentage,5-Day Rolling Change %,-3.0398073115202373
2024-10-22,energyChangesPercentage,5-Day Rolling Change %,-0.8579816612350966
2024-10-21,energyChangesPercentage,5-Day Rolling Change %,-2.5031945115331133
2024-10-18,energyChangesPercentage,5-Day Rolling Change %,-2.3099816108373306
2024-10-17,energyChangesPercentage,5-Day Rolling Change %,-0.28801346992139987
2024-10-16,energyChangesPercentage,5-Day Rolling Change %,-2.2191585186276397
2024-10-15,energyChangesPercentage,5-Day Rolling Change %,-2.665882716334067
2024-10-14,energyChangesPercentage,5-Day Rolling Change %,-1.5953488345170408
2024-10-11,energyChangesPercentage,5-Day Rolling Change %,0.27128946711223456
2024-10-10,energyChangesPercentage,5-Day Rolling Change %,-1.396769314950097
2024-10-09,energyChangesPercentage,5-Day Rolling Change %,0.0
2024-10-08,energyChangesPercentage,5-Day Rolling Change %,0.0
2024-10-07,energyChangesPercentage,5-Day Rolling Change %,0.0
2024-10-04,energyChangesPercentage,5-Day Rolling Change %,0.0
2024-10-03,energyChangesPercentage,5-Day Rolling Change %,0.0
2024-11-08,energyChangesPercentage,20-Day Rolling Change %,0.05549928111752145
2024-11-07,energyChangesPercentage,20-Day Rolling Change %,1.3232226433987027
2024-11-06,energyChangesPercentage,20-Day Rolling Change %,-0.30649749586488806
2024-11-05,energyChangesPercentage,20-Day Rolling Change %,-1.8632428973255122
2024-11-04,energyChangesPercentage,20-Day Rolling Change %,-4.179090529982698
2024-11-01,energyChangesPercentage,20-Day Rolling Change %,-4.611049740579665
2024-10-31,energyChangesPercentage,20-Day Rolling Change %,-5.017677811852817
2024-10-30,energyChangesPercentage,20-Day Rolling Change %,0.0
2024-10-29,energyChangesPercentage,20-Day Rolling Change %,0.0
2024-10-28,energyChangesPercentage,20-Day Rolling Change %,0.0
2024-10-25,energyChangesPercentage,20-Day Rolling Change %,0.0
2024-10-24,energyChangesPercentage,20-Day Rolling Change %,0.0
2024-10-23,energyChangesPercentage,20-Day Rolling Change %,0.0
2024-10-22,energyChangesPercentage,20-Day Rolling Change %,0.0
2024-10-21,energyChangesPercentage,20-Day Rolling Change %,0.0
2024-10-18,energyChangesPercentage,20-Day Rolling Change %,0.0
2024-10-17,energyChangesPercentage,20-Day Rolling Change %,0.0
2024-10-16,energyChangesPercentage,20-Day Rolling Change %,0.0
2024-10-15,energyChangesPercentage,20-Day Rolling Change %,0.0
2024-10-14,energyChangesPercentage,20-Day Rolling Change %,0.0
2024-10-11,energyChangesPercentage,20-Day Rolling Change %,0.0
2024-10-10,energyChangesPercentage,20-Day Rolling Change %,0.0
2024-10-09,energyChangesPercentage,20-Day Rolling Change %,0.0
2024-10-08,energyChangesPercentage,20-Day Rolling Change %,0.0
2024-10-07,energyChangesPercentage,20-Day Rolling Change %,0.0
2024-10-04,energyChangesPercentage,20-Day Rolling Change %,0.0
2024-10-03,energyChangesPercentage,20-Day Rolling Change %,0.0
2024-11-08,financialServicesChangesPercentage,5-Day Rolling Change %,4.460012284255099
2024-11-07,financialServicesChangesPercentage,5-Day Rolling Change %,2.774673032663033
2024-11-06,financialServicesChangesPercentage,5-Day Rolling Change %,2.7916670820080203
2024-11-05,financialServicesChangesPercentage,5-Day Rolling Change %,-0.8236326121947357
2024-11-04,financialServicesChangesPercentage,5-Day Rolling Change %,-1.7274023382472303
2024-11-01,financialServicesChangesPercentage,5-Day Rolling Change %,0.15940538302929852
2024-10-31,financialServicesChangesPercentage,5-Day Rolling Change %,0.5469604869940081
2024-10-30,financialServicesChangesPercentage,5-Day Rolling Change %,1.081571493691369
2024-10-29,financialServicesChangesPercentage,5-Day Rolling Change %,0.28628019215746203
2024-10-28,financialServicesChangesPercentage,5-Day Rolling Change %,0.5872035163033917
2024-10-25,financialServicesChangesPercentage,5-Day Rolling Change %,-2.282332184882596
2024-10-24,financialServicesChangesPercentage,5-Day Rolling Change %,-1.176693889516478
2024-10-23,financialServicesChangesPercentage,5-Day Rolling Change %,-0.020265376113581812
2024-10-22,financialServicesChangesPercentage,5-Day Rolling Change %,0.06804320843658562
2024-10-21,financialServicesChangesPercentage,5-Day Rolling Change %,-1.080813147776405
2024-10-18,financialServicesChangesPercentage,5-Day Rolling Change %,1.0657894541258983
2024-10-17,financialServicesChangesPercentage,5-Day Rolling Change %,1.3855036048337377
2024-10-16,financialServicesChangesPercentage,5-Day Rolling Change %,1.4063797172908066
2024-10-15,financialServicesChangesPercentage,5-Day Rolling Change %,2.498082587234518
2024-10-14,financialServicesChangesPercentage,5-Day Rolling Change %,3.0699019460059596
2024-10-11,financialServicesChangesPercentage,5-Day Rolling Change %,1.722409344397735
2024-10-10,financialServicesChangesPercentage,5-Day Rolling Change %,2.417603368669563
2024-10-09,financialServicesChangesPercentage,5-Day Rolling Change %,0.0
2024-10-08,financialServicesChangesPercentage,5-Day Rolling Change %,0.0
2024-10-07,financialServicesChangesPercentage,5-Day Rolling Change %,0.0
2024-10-04,financialServicesChangesPercentage,5-Day Rolling Change %,0.0
2024-10-03,financialServicesChangesPercentage,5-Day Rolling Change %,0.0
2024-11-08,financialServicesChangesPercentage,20-Day Rolling Change %,3.3282505044630595
2024-11-07,financialServicesChangesPercentage,20-Day Rolling Change %,3.5357400424080865
2024-11-06,financialServicesChangesPercentage,20-Day Rolling Change %,5.343356695997148
2024-11-05,financialServicesChangesPercentage,20-Day Rolling Change %,2.014256434618722
2024-11-04,financialServicesChangesPercentage,20-Day Rolling Change %,0.7830670599639822
2024-11-01,financialServicesChangesPercentage,20-Day Rolling Change %,0.620307855733615
2024-10-31,financialServicesChangesPercentage,20-Day Rolling Change %,3.1760262061353295
2024-10-30,financialServicesChangesPercentage,20-Day Rolling Change %,0.0
2024-10-29,financialServicesChangesPercentage,20-Day Rolling Change %,0.0
2024-10-28,financialServicesChangesPercentage,20-Day Rolling Change %,0.0
2024-10-25,financialServicesChangesPercentage,20-Day Rolling Change %,0.0
2024-10-24,financialServicesChangesPercentage,20-Day Rolling Change %,0.0
2024-10-23,financialServicesChangesPercentage,20-Day Rolling Change %,0.0
2024-10-22,financialServicesChangesPercentage,20-Day Rolling Change %,0.0
2024-10-21,financialServicesChangesPercentage,20-Day Rolling Change %,0.0
2024-10-18,financialServicesChangesPercentage,20-Day Rolling Change %,0.0
2024-10-17,financialServicesChangesPercentage,20-Day Rolling Change %,0.0
2024-10-16,financialServicesChangesPercentage,20-Day Rolling Change %,0.0
2024-10-15,financialServicesChangesPercentage,20-Day Rolling Change %,0.0
2024-10-14,financialServicesChangesPercentage,20-Day Rolling Change %,0.0
2024-10-11,financialServicesChangesPercentage,20-Day Rolling Change %,0.0
2024-10-10,financialServicesChangesPercentage,20-Day Rolling Change %,0.0
2024-10-09,financialServicesChangesPercentage,20-Day Rolling Change %,0.0
2024-10-08,financialServicesChangesPercentage,20-Day Rolling Change %,0.0
2024-10-07,financialServicesChangesPercentage,20-Day Rolling Change %,0.0
2024-10-04,financialServicesChangesPercentage,20-Day Rolling Change %,0.0
2024-10-03,financialServicesChangesPercentage,20-Day Rolling Change %,0.0
2024-11-08,healthcareChangesPercentage,5-Day Rolling Change %,1.5852389740375727
2024-11-07,healthcareChangesPercentage,5-Day Rolling Change %,0.998965776528582
2024-11-06,healthcareChangesPercentage,5-Day Rolling Change %,-1.0225404882610922
2024-11-05,healthcareChangesPercentage,5-Day Rolling Change %,0.7443091346605035
2024-11-04,healthcareChangesPercentage,5-Day Rolling Change %,-0.5243443397717762
2024-11-01,healthcareChangesPercentage,5-Day Rolling Change %,-0.4576140112853122
2024-10-31,healthcareChangesPercentage,5-Day Rolling Change %,-1.316231503830756
2024-10-30,healthcareChangesPercentage,5-Day Rolling Change %,-0.785211241621564
2024-10-29,healthcareChangesPercentage,5-Day Rolling Change %,-1.7007830014633463
2024-10-28,healthcareChangesPercentage,5-Day Rolling Change %,-1.4756572890642805
2024-10-25,healthcareChangesPercentage,5-Day Rolling Change %,-2.0075985836800703
2024-10-24,healthcareChangesPercentage,5-Day Rolling Change %,-0.9911071301615948
2024-10-23,healthcareChangesPercentage,5-Day Rolling Change %,-1.097453269291493
2024-10-22,healthcareChangesPercentage,5-Day Rolling Change %,-0.461844953085766
2024-10-21,healthcareChangesPercentage,5-Day Rolling Change %,-1.37787482634949
2024-10-18,healthcareChangesPercentage,5-Day Rolling Change %,-0.45964781570467794
2024-10-17,healthcareChangesPercentage,5-Day Rolling Change %,-0.22341754041950157
2024-10-16,healthcareChangesPercentage,5-Day Rolling Change %,0.5276343868571454
2024-10-15,healthcareChangesPercentage,5-Day Rolling Change %,1.5708143373942773
2024-10-14,healthcareChangesPercentage,5-Day Rolling Change %,2.6904423315476933
2024-10-11,healthcareChangesPercentage,5-Day Rolling Change %,1.4469831529609678
2024-10-10,healthcareChangesPercentage,5-Day Rolling Change %,0.3469882476676789
2024-10-09,healthcareChangesPercentage,5-Day Rolling Change %,0.0
2024-10-08,healthcareChangesPercentage,5-Day Rolling Change %,0.0
2024-10-07,healthcareChangesPercentage,5-Day Rolling Change %,0.0
2024-10-04,healthcareChangesPercentage,5-Day Rolling Change %,0.0
2024-10-03,healthcareChangesPercentage,5-Day Rolling Change %,0.0
2024-11-08,healthcareChangesPercentage,20-Day Rolling Change %,-1.3651867481925484
2024-11-07,healthcareChangesPercentage,20-Day Rolling Change %,-1.5387191446014858
2024-11-06,healthcareChangesPercentage,20-Day Rolling Change %,-2.364972677247801
2024-11-05,healthcareChangesPercentage,20-Day Rolling Change %,0.12190462776349165
2024-11-04,healthcareChangesPercentage,20-Day Rolling Change %,-0.7421787862271323
2024-11-01,healthcareChangesPercentage,20-Day Rolling Change %,-1.4994270889210903
2024-10-31,healthcareChangesPercentage,20-Day Rolling Change %,-2.1743151835017183
2024-10-30,healthcareChangesPercentage,20-Day Rolling Change %,0.0
2024-10-29,healthcareChangesPercentage,20-Day Rolling Change %,0.0
2024-10-28,healthcareChangesPercentage,20-Day Rolling Change %,0.0
2024-10-25,healthcareChangesPercentage,20-Day Rolling Change %,0.0
2024-10-24,healthcareChangesPercentage,20-Day Rolling Change %,0.0
2024-10-23,healthcareChangesPercentage,20-Day Rolling Change %,0.0
2024-10-22,healthcareChangesPercentage,20-Day Rolling Change %,0.0
2024-10-21,healthcareChangesPercentage,20-Day Rolling Change %,0.0
2024-10-18,healthcareChangesPercentage,20-Day Rolling Change %,0.0
2024-10-17,healthcareChangesPercentage,20-Day Rolling Change %,0.0
2024-10-16,healthcareChangesPercentage,20-Day Rolling Change %,0.0
2024-10-15,healthcareChangesPercentage,20-Day Rolling Change %,0.0
2024-10-14,healthcareChangesPercentage,20-Day Rolling Change %,0.0
2024-10-11,healthcareChangesPercentage,20-Day Rolling Change %,0.0
2024-10-10,healthcareChangesPercentage,20-Day Rolling Change %,0.0
2024-10-09,healthcareChangesPercentage,20-Day Rolling Change %,0.0
2024-10-08,healthcareChangesPercentage,20-Day Rolling Change %,0.0
2024-10-07,healthcareChangesPercentage,20-Day Rolling Change %,0.0
2024-10-04,healthcareChangesPercentage,20-Day Rolling Change %,0.0
2024-10-03,healthcareChangesPercentage,20-Day Rolling Change %,0.0
2024-11-08,industrialsChangesPercentage,5-Day Rolling Change %,4.297105390437617
2024-11-07,industrialsChangesPercentage,5-Day Rolling Change %,3.0197211552863257
2024-11-06,industrialsChangesPercentage,5-Day Rolling Change %,2.2027297644622745
2024-11-05,industrialsChangesPercentage,5-Day Rolling Change %,1.2000888853902714
2024-11-04,industrialsChangesPercentage,5-Day Rolling Change %,0.6137951477259262
2024-11-01,industrialsChangesPercentage,5-Day Rolling Change %,0.3170611991013317
2024-10-31,industrialsChangesPercentage,5-Day Rolling Change %,-0.5430970330969065
2024-10-30,industrialsChangesPercentage,5-Day Rolling Change %,-0.22546564699599259
2024-10-29,industrialsChangesPercentage,5-Day Rolling Change %,-1.1635870967637296
2024-10-28,industrialsChangesPercentage,5-Day Rolling Change %,-1.527521305676094
2024-10-25,industrialsChangesPercentage,5-Day Rolling Change %,-1.6048970392606665
2024-10-24,industrialsChangesPercentage,5-Day Rolling Change %,-1.0707648366818923
2024-10-23,industrialsChangesPercentage,5-Day Rolling Change %,-0.8291672795806226
2024-10-22,industrialsChangesPercentage,5-Day Rolling Change %,0.3208511839408956
2024-10-21,industrialsChangesPercentage,5-Day Rolling Change %,-0.2912208002034067
2024-10-18,industrialsChangesPercentage,5-Day Rolling Change %,0.5737429044363473
2024-10-17,industrialsChangesPercentage,5-Day Rolling Change %,1.775545703434278
2024-10-16,industrialsChangesPercentage,5-Day Rolling Change %,1.9160474713694864
2024-10-15,industrialsChangesPercentage,5-Day Rolling Change %,2.336071068461143
2024-10-14,industrialsChangesPercentage,5-Day Rolling Change %,3.388009480465226
2024-10-11,industrialsChangesPercentage,5-Day Rolling Change %,2.743197160826738
2024-10-10,industrialsChangesPercentage,5-Day Rolling Change %,0.9859056813320777
2024-10-09,industrialsChangesPercentage,5-Day Rolling Change %,0.0
2024-10-08,industrialsChangesPercentage,5-Day Rolling Change %,0.0
2024-10-07,industrialsChangesPercentage,5-Day Rolling Change %,0.0
2024-10-04,industrialsChangesPercentage,5-Day Rolling Change %,0.0
2024-10-03,industrialsChangesPercentage,5-Day Rolling Change %,0.0
2024-11-08,industrialsChangesPercentage,20-Day Rolling Change %,3.5392831408034287
2024-11-07,industrialsChangesPercentage,20-Day Rolling Change %,3.1628645068521477
2024-11-06,industrialsChangesPercentage,20-Day Rolling Change %,3.0644138412260435
2024-11-05,industrialsChangesPercentage,20-Day Rolling Change %,2.6875557719719723
2024-11-04,industrialsChangesPercentage,20-Day Rolling Change %,2.1353246424712813
2024-11-01,industrialsChangesPercentage,20-Day Rolling Change %,1.9966656006693118
2024-10-31,industrialsChangesPercentage,20-Day Rolling Change %,1.1262230966582631
2024-10-30,industrialsChangesPercentage,20-Day Rolling Change %,0.0
2024-10-29,industrialsChangesPercentage,20-Day Rolling Change %,0.0
2024-10-28,industrialsChangesPercentage,20-Day Rolling Change %,0.0
2024-10-25,industrialsChangesPercentage,20-Day Rolling Change %,0.0
2024-10-24,industrialsChangesPercentage,20-Day Rolling Change %,0.0
2024-10-23,industrialsChangesPercentage,20-Day Rolling Change %,0.0
2024-10-22,industrialsChangesPercentage,20-Day Rolling Change %,0.0
2024-10-21,industrialsChangesPercentage,20-Day Rolling Change %,0.0
2024-10-18,industrialsChangesPercentage,20-Day Rolling Change %,0.0
2024-10-17,industrialsChangesPercentage,20-Day Rolling Change %,0.0
2024-10-16,industrialsChangesPercentage,20-Day Rolling Change %,0.0
2024-10-15,industrialsChangesPercentage,20-Day Rolling Change %,0.0
2024-10-14,industrialsChangesPercentage,20-Day Rolling Change %,0.0
2024-10-11,industrialsChangesPercentage,20-Day Rolling Change %,0.0
2024-10-10,industrialsChangesPercentage,20-Day Rolling Change %,0.0
2024-10-09,industrialsChangesPercentage,20-Day Rolling Change %,0.0
2024-10-08,industrialsChangesPercentage,20-Day Rolling Change %,0.0
2024-10-07,industrialsChangesPercentage,20-Day Rolling Change %,0.0
2024-10-04,industrialsChangesPercentage,20-Day Rolling Change %,0.0
2024-10-03,industrialsChangesPercentage,20-Day Rolling Change %,0.0
2024-11-08,realEstateChangesPercentage,5-Day Rolling Change %,2.6458325993358622
2024-11-07,realEstateChangesPercentage,5-Day Rolling Change %,0.127561997329928
2024-11-06,realEstateChangesPercentage,5-Day Rolling Change %,0.9266470291045437
2024-11-05,realEstateChangesPercentage,5-Day Rolling Change %,1.2142419483098132
2024-11-04,realEstateChangesPercentage,5-Day Rolling Change %,-0.7221413274598909
2024-11-01,realEstateChangesPercentage,5-Day Rolling Change %,-2.588126319865902
2024-10-31,realEstateChangesPercentage,5-Day Rolling Change %,-0.9919828413259668
2024-10-30,realEstateChangesPercentage,5-Day Rolling Change %,-2.0554796654114638
2024-10-29,realEstateChangesPercentage,5-Day Rolling Change %,-0.42633964333286256
2024-10-28,realEstateChangesPercentage,5-Day Rolling Change %,0.26502275989217505
2024-10-25,realEstateChangesPercentage,5-Day Rolling Change %,0.7146510268266848
2024-10-24,realEstateChangesPercentage,5-Day Rolling Change %,1.7469159083551178
2024-10-23,realEstateChangesPercentage,5-Day Rolling Change %,1.823056948633317
2024-10-22,realEstateChangesPercentage,5-Day Rolling Change %,0.4544988953548712
2024-10-21,realEstateChangesPercentage,5-Day Rolling Change %,1.1841812585889677
2024-10-18,realEstateChangesPercentage,5-Day Rolling Change %,2.062687272763286
2024-10-17,realEstateChangesPercentage,5-Day Rolling Change %,1.7173315189097593
2024-10-16,realEstateChangesPercentage,5-Day Rolling Change %,0.5602674423342391
2024-10-15,realEstateChangesPercentage,5-Day Rolling Change %,1.0415660086328105
2024-10-14,realEstateChangesPercentage,5-Day Rolling Change %,0.0974533803169697
2024-10-11,realEstateChangesPercentage,5-Day Rolling Change %,-1.016943332388176
2024-10-10,realEstateChangesPercentage,5-Day Rolling Change %,-1.7744710835606137
2024-10-09,realEstateChangesPercentage,5-Day Rolling Change %,0.0
2024-10-08,realEstateChangesPercentage,5-Day Rolling Change %,0.0
2024-10-07,realEstateChangesPercentage,5-Day Rolling Change %,0.0
2024-10-04,realEstateChangesPercentage,5-Day Rolling Change %,0.0
2024-10-03,realEstateChangesPercentage,5-Day Rolling Change %,0.0
2024-11-08,realEstateChangesPercentage,20-Day Rolling Change %,2.7810073642140054
2024-11-07,realEstateChangesPercentage,20-Day Rolling Change %,2.59831230565577
2024-11-06,realEstateChangesPercentage,20-Day Rolling Change %,1.21818376724383
2024-11-05,realEstateChangesPercentage,20-Day Rolling Change %,2.2952714553190035
2024-11-04,realEstateChangesPercentage,20-Day Rolling Change %,0.8178678414554552
2024-11-01,realEstateChangesPercentage,20-Day Rolling Change %,-0.886592093831895
2024-10-31,realEstateChangesPercentage,20-Day Rolling Change %,0.6493446072901587
2024-10-30,realEstateChangesPercentage,20-Day Rolling Change %,0.0
2024-10-29,realEstateChangesPercentage,20-Day Rolling Change %,0.0
2024-10-28,realEstateChangesPercentage,20-Day Rolling Change %,0.0
2024-10-25,realEstateChangesPercentage,20-Day Rolling Change %,0.0
2024-10-24,realEstateChangesPercentage,20-Day Rolling Change %,0.0
2024-10-23,realEstateChangesPercentage,20-Day Rolling Change %,0.0
2024-10-22,realEstateChangesPercentage,20-Day Rolling Change %,0.0
2024-10-21,realEstateChangesPercentage,20-Day Rolling Change %,0.0
2024-10-18,realEstateChangesPercentage,20-Day Rolling Change %,0.0
2024-10-17,realEstateChangesPercentage,20-Day Rolling Change %,0.0
2024-10-16,realEstateChangesPercentage,20-Day Rolling Change %,0.0
2024-10-15,realEstateChangesPercentage,20-Day Rolling Change %,0.0
2024-10-14,realEstateChangesPercentage,20-Day Rolling Change %,0.0
2024-10-11,realEstateChangesPercentage,20-Day Rolling Change %,0.0
2024-10-10,realEstateChangesPercentage,20-Day Rolling Change %,0.0
2024-10-09,realEstateChangesPercentage,20-Day Rolling Change %,0.0
2024-10-08,realEstateChangesPercentage,20-Day Rolling Change %,0.0
2024-10-07,realEstateChangesPercentage,20-Day Rolling Change %,0.0
2024-10-04,realEstateChangesPercentage,20-Day Rolling Change %,0.0
2024-10-03,realEstateChangesPercentage,20-Day Rolling Change %,0.0
2024-11-08,technologyChangesPercentage,5-Day Rolling Change %,2.8465801706629934
2024-11-07,technologyChangesPercentage,5-Day Rolling Change %,3.6828773528913894
2024-11-06,technologyChangesPercentage,5-Day Rolling Change %,0.1452704700849905
2024-11-05,technologyChangesPercentage,5-Day Rolling Change %,-1.7374396513213708
2024-11-04,technologyChangesPercentage,5-Day Rolling Change %,-1.5139548294715977
2024-11-01,technologyChangesPercentage,5-Day Rolling Change %,-2.0103834553551803
2024-10-31,technologyChangesPercentage,5-Day Rolling Change %,-2.3333965360727404
2024-10-30,technologyChangesPercentage,5-Day Rolling Change %,-0.2458098607597825
2024-10-29,technologyChangesPercentage,5-Day Rolling Change %,-0.9033206207443745
2024-10-28,technologyChangesPercentage,5-Day Rolling Change %,-1.0361848188978229
2024-10-25,technologyChangesPercentage,5-Day Rolling Change %,0.5008354307226348
2024-10-24,technologyChangesPercentage,5-Day Rolling Change %,0.2559853846352711
2024-10-23,technologyChangesPercentage,5-Day Rolling Change %,-0.6761109061624859
2024-10-22,technologyChangesPercentage,5-Day Rolling Change %,0.4122658280998559
2024-10-21,technologyChangesPercentage,5-Day Rolling Change %,-3.233707679468756
2024-10-18,technologyChangesPercentage,5-Day Rolling Change %,-3.3132615637008977
2024-10-17,technologyChangesPercentage,5-Day Rolling Change %,-3.0302810074005593
2024-10-16,technologyChangesPercentage,5-Day Rolling Change %,-1.156217779102331
2024-10-15,technologyChangesPercentage,5-Day Rolling Change %,0.13228834761300767
2024-10-14,technologyChangesPercentage,5-Day Rolling Change %,3.9664749492820395
2024-10-11,technologyChangesPercentage,5-Day Rolling Change %,2.4766455135864174
2024-10-10,technologyChangesPercentage,5-Day Rolling Change %,1.8073679940183496
2024-10-09,technologyChangesPercentage,5-Day Rolling Change %,0.0
2024-10-08,technologyChangesPercentage,5-Day Rolling Change %,0.0
2024-10-07,technologyChangesPercentage,5-Day Rolling Change %,0.0
2024-10-04,technologyChangesPercentage,5-Day Rolling Change %,0.0
2024-10-03,technologyChangesPercentage,5-Day Rolling Change %,0.0
2024-11-08,technologyChangesPercentage,20-Day Rolling Change %,-2.0720877872678845
2024-11-07,technologyChangesPercentage,20-Day Rolling Change %,-1.5536604940133092
2024-11-06,technologyChangesPercentage,20-Day Rolling Change %,-1.9235669828294166
2024-11-05,technologyChangesPercentage,20-Day Rolling Change %,-2.0942752870881542
2024-11-04,technologyChangesPercentage,20-Day Rolling Change %,-1.9452700551846336
2024-11-01,technologyChangesPercentage,20-Day Rolling Change %,-2.424330210521297
2024-10-31,technologyChangesPercentage,20-Day Rolling Change %,-3.3344466354110702
2024-10-30,technologyChangesPercentage,20-Day Rolling Change %,0.0
2024-10-29,technologyChangesPercentage,20-Day Rolling Change %,0.0
2024-10-28,technologyChangesPercentage,20-Day Rolling Change %,0.0
2024-10-25,technologyChangesPercentage,20-Day Rolling Change %,0.0
2024-10-24,technologyChangesPercentage,20-Day Rolling Change %,0.0
2024-10-23,technologyChangesPercentage,20-Day Rolling Change %,0.0
2024-10-22,technologyChangesPercentage,20-Day Rolling Change %,0.0
2024-10-21,technologyChangesPercentage,20-Day Rolling Change %,0.0
2024-10-18,technologyChangesPercentage,20-Day Rolling Change %,0.0
2024-10-17,technologyChangesPercentage,20-Day Rolling Change %,0.0
2024-10-16,technologyChangesPercentage,20-Day Rolling Change %,0.0
2024-10-15,technologyChangesPercentage,20-Day Rolling Change %,0.0
2024-10-14,technologyChangesPercentage,20-Day Rolling Change %,0.0
2024-10-11,technologyChangesPercentage,20-Day Rolling Change %,0.0
2024-10-10,technologyChangesPercentage,20-Day Rolling Change %,0.0
2024-10-09,technologyChangesPercentage,20-Day Rolling Change %,0.0
2024-10-08,technologyChangesPercentage,20-Day Rolling Change %,0.0
2024-10-07,technologyChangesPercentage,20-Day Rolling Change %,0.0
2024-10-04,technologyChangesPercentage,20-Day Rolling Change %,0.0
2024-10-03,technologyChangesPercentage,20-Day Rolling Change %,0.0
2024-11-08,utilitiesChangesPercentage,5-Day Rolling Change %,-1.9751747149129861
2024-11-07,utilitiesChangesPercentage,5-Day Rolling Change %,-3.0961342860641783
2024-11-06,utilitiesChangesPercentage,5-Day Rolling Change %,-1.979866895521487
2024-11-05,utilitiesChangesPercentage,5-Day Rolling Change %,-1.9453658880247637
2024-11-04,utilitiesChangesPercentage,5-Day Rolling Change %,-4.081155187115071
2024-11-01,utilitiesChangesPercentage,5-Day Rolling Change %,-2.714561621704503
2024-10-31,utilitiesChangesPercentage,5-Day Rolling Change %,-2.7207277536042462
2024-10-30,utilitiesChangesPercentage,5-Day Rolling Change %,-4.52222220495001
2024-10-29,utilitiesChangesPercentage,5-Day Rolling Change %,-2.731791516780324
2024-10-28,utilitiesChangesPercentage,5-Day Rolling Change %,-3.03663160485953
2024-10-25,utilitiesChangesPercentage,5-Day Rolling Change %,-3.2279880747963507
2024-10-24,utilitiesChangesPercentage,5-Day Rolling Change %,-0.8594255284244734
2024-10-23,utilitiesChangesPercentage,5-Day Rolling Change %,-3.2905415247800884
2024-10-22,utilitiesChangesPercentage,5-Day Rolling Change %,-0.7406553322669818
2024-10-21,utilitiesChangesPercentage,5-Day Rolling Change %,-0.5151952391453496
2024-10-18,utilitiesChangesPercentage,5-Day Rolling Change %,0.8317108085845293
2024-10-17,utilitiesChangesPercentage,5-Day Rolling Change %,2.9497445994593807
2024-10-16,utilitiesChangesPercentage,5-Day Rolling Change %,6.736912330174594
2024-10-15,utilitiesChangesPercentage,5-Day Rolling Change %,-0.06229626302380886
2024-10-14,utilitiesChangesPercentage,5-Day Rolling Change %,0.828145878029729
2024-10-11,utilitiesChangesPercentage,5-Day Rolling Change %,-2.320001614028977
2024-10-10,utilitiesChangesPercentage,5-Day Rolling Change %,-3.273403558810717
2024-10-09,utilitiesChangesPercentage,5-Day Rolling Change %,0.0
2024-10-08,utilitiesChangesPercentage,5-Day Rolling Change %,0.0
2024-10-07,utilitiesChangesPercentage,5-Day Rolling Change %,0.0
2024-10-04,utilitiesChangesPercentage,5-Day Rolling Change %,0.0
2024-10-03,utilitiesChangesPercentage,5-Day Rolling Change %,0.0
2024-11-08,utilitiesChangesPercentage,20-Day Rolling Change %,-6.9469048448575155
2024-11-07,utilitiesChangesPercentage,20-Day Rolling Change %,-3.786033318823845
2024-11-06,utilitiesChangesPercentage,20-Day Rolling Change %,-3.3946502301939185
2024-11-05,utilitiesChangesPercentage,20-Day Rolling Change %,-5.389396999733531
2024-11-04,utilitiesChangesPercentage,20-Day Rolling Change %,-6.706761995905208
2024-11-01,utilitiesChangesPercentage,20-Day Rolling Change %,-7.274242436760114
2024-10-31,utilitiesChangesPercentage,20-Day Rolling Change %,-3.962040537689415
2024-10-30,utilitiesChangesPercentage,20-Day Rolling Change %,0.0
2024-10-29,utilitiesChangesPercentage,20-Day Rolling Change %,0.0
2024-10-28,utilitiesChangesPercentage,20-Day Rolling Change %,0.0
2024-10-25,utilitiesChangesPercentage,20-Day Rolling Change %,0.0
2024-10-24,utilitiesChangesPercentage,20-Day Rolling Change %,0.0
2024-10-23,utilitiesChangesPercentage,20-Day Rolling Change %,0.0
2024-10-22,utilitiesChangesPercentage,20-Day Rolling Change %,0.0
2024-10-21,utilitiesChangesPercentage,20-Day Rolling Change %,0.0
2024-10-18,utilitiesChangesPercentage,20-Day Rolling Change %,0.0
2024-10-17,utilitiesChangesPercentage,20-Day Rolling Change %,0.0
2024-10-16,utilitiesChangesPercentage,20-Day Rolling Change %,0.0
2024-10-15,utilitiesChangesPercentage,20-Day Rolling Change %,0.0
2024-10-14,utilitiesChangesPercentage,20-Day Rolling Change %,0.0
2024-10-11,utilitiesChangesPercentage,20-Day Rolling Change %,0.0
2024-10-10,utilitiesChangesPercentage,20-Day Rolling Change %,0.0
2024-10-09,utilitiesChangesPercentage,20-Day Rolling Change %,0.0
2024-10-08,utilitiesChangesPercentage,20-Day Rolling Change %,0.0
2024-10-07,utilitiesChangesPercentage,20-Day Rolling Change %,0.0
2024-10-04,utilitiesChangesPercentage,20-Day Rolling Change %,0.0
2024-10-03,utilitiesChangesPercentage,20-Day Rolling Change %,0.0
